code,date,close
510050.SH,2025-05-12,2.763
510050.SH,2025-05-13,2.769
510050.SH,2025-05-14,2.817
510050.SH,2025-05-15,2.803
510050.SH,2025-05-16,2.778
510050.SH,2025-05-19,2.769
510050.SH,2025-05-20,2.78
510050.SH,2025-05-21,2.793
510050.SH,2025-05-22,2.796
510050.SH,2025-05-23,2.775
510050.SH,2025-05-26,2.764
510050.SH,2025-05-27,2.75
510050.SH,2025-05-28,2.747
510050.SH,2025-05-29,2.754
510050.SH,2025-05-30,2.749
510050.SH,2025-06-03,2.748
510050.SH,2025-06-04,2.755
510050.SH,2025-06-05,2.754
510050.SH,2025-06-06,2.756
510050.SH,2025-06-09,2.756
510050.SH,2025-06-10,2.742
510050.SH,2025-06-11,2.762
510050.SH,2025-06-12,2.76
510050.SH,2025-06-13,2.746
510050.SH,2025-06-16,2.753
510050.SH,2025-06-17,2.753
510050.SH,2025-06-18,2.75
510050.SH,2025-06-19,2.733
510050.SH,2025-06-20,2.749
510050.SH,2025-06-23,2.762
510050.SH,2025-06-24,2.792
510050.SH,2025-06-25,2.832
510050.SH,2025-06-26,2.826
510050.SH,2025-06-27,2.795
510050.SH,2025-06-30,2.807
510050.SH,2025-07-01,2.81
510050.SH,2025-07-02,2.816
510050.SH,2025-07-03,2.82
510050.SH,2025-07-04,2.836
510050.SH,2025-07-07,2.828
510050.SH,2025-07-08,2.845
510050.SH,2025-07-09,2.842
510050.SH,2025-07-10,2.858
510050.SH,2025-07-11,2.871
510050.SH,2025-07-14,2.869
510050.SH,2025-07-15,2.855
510050.SH,2025-07-16,2.85
510050.SH,2025-07-17,2.859
510050.SH,2025-07-18,2.884
510050.SH,2025-07-21,2.89
510050.SH,2025-07-22,2.914
510050.SH,2025-07-23,2.921
510050.SH,2025-07-24,2.933
510050.SH,2025-07-25,2.916
510050.SH,2025-07-28,2.929
510050.SH,2025-07-29,2.934
510050.SH,2025-07-30,2.943
510050.SH,2025-07-31,2.899
510050.SH,2025-08-01,2.876
510050.SH,2025-08-04,2.89
510050.SH,2025-08-05,2.912
510050.SH,2025-08-06,2.918
510050.SH,2025-08-07,2.921
510050.SH,2025-08-08,2.91
510050.SH,2025-08-11,2.912
510050.SH,2025-08-12,2.932
510050.SH,2025-08-13,2.94
510050.SH,2025-08-14,2.954
510050.SH,2025-08-15,2.965
510050.SH,2025-08-18,2.971
510050.SH,2025-08-19,2.937
510050.SH,2025-08-20,2.975
510050.SH,2025-08-21,2.99
510050.SH,2025-08-22,3.066
510050.SH,2025-08-25,3.124
510050.SH,2025-08-26,3.101
510050.SH,2025-08-27,3.051
510050.SH,2025-08-28,3.095
510050.SH,2025-08-29,3.112
510050.SH,2025-09-01,3.113
510050.SH,2025-09-02,3.128
510050.SH,2025-09-03,3.087
510050.SH,2025-09-04,3.034
510050.SH,2025-09-05,3.072
510050.SH,2025-09-08,3.067
510050.SH,2025-09-09,3.059
510050.SH,2025-09-10,3.072
510050.SH,2025-09-11,3.122
510050.SH,2025-09-12,3.104
510050.SH,2025-09-15,3.097
510050.SH,2025-09-16,3.082
510050.SH,2025-09-17,3.088
510050.SH,2025-09-18,3.048
510050.SH,2025-09-19,3.045
510050.SH,2025-09-22,3.054
510050.SH,2025-09-23,3.054
510050.SH,2025-09-24,3.072
510050.SH,2025-09-25,3.087
510050.SH,2025-09-26,3.077
510050.SH,2025-09-29,3.109
510050.SH,2025-09-30,3.126
510050.SH,2025-10-09,3.161
510050.SH,2025-10-10,3.112
510050.SH,2025-10-13,3.101
510050.SH,2025-10-14,3.1
510050.SH,2025-10-15,3.138
510050.SH,2025-10-16,3.159
510050.SH,2025-10-17,3.11
510050.SH,2025-10-20,3.111
510050.SH,2025-10-21,3.144
510050.SH,2025-10-22,3.148
510050.SH,2025-10-23,3.167
510050.SH,2025-10-24,3.192
510050.SH,2025-10-27,3.216
510050.SH,2025-10-28,3.196
510050.SH,2025-10-29,3.21
510050.SH,2025-10-30,3.193
510050.SH,2025-10-31,3.16
510050.SH,2025-11-03,3.161
510050.SH,2025-11-04,3.156
510050.SH,2025-11-05,3.15
510050.SH,2025-11-06,3.19
510050.SH,2025-11-07,3.186
510050.SH,2025-11-10,3.201
510050.SH,2025-11-11,3.18
510050.SH,2025-11-12,3.197
510050.SH,2025-11-13,3.221
510050.SH,2025-11-14,3.183
510050.SH,2025-11-17,3.159
510050.SH,2025-11-18,3.15
510050.SH,2025-11-19,3.165
510050.SH,2025-11-20,3.156
510050.SH,2025-11-21,3.101
510050.SH,2025-11-24,3.094
510050.SH,2025-11-25,3.11
510050.SH,2025-11-26,3.114
510050.SH,2025-11-27,3.112
510050.SH,2025-11-28,3.113
510050.SH,2025-12-01,3.137
510050.SH,2025-12-02,3.122
510050.SH,2025-12-03,3.108
510050.SH,2025-12-04,3.116
510050.SH,2025-12-05,3.145
510050.SH,2025-12-08,3.164
510050.SH,2025-12-09,3.142
510050.SH,2025-12-10,3.132
510050.SH,2025-12-11,3.12
510050.SH,2025-12-12,3.134
510050.SH,2025-12-15,3.133
510050.SH,2025-12-16,3.103
510050.SH,2025-12-17,3.058
510050.SH,2025-12-18,3.064
510050.SH,2025-12-19,3.078
510050.SH,2025-12-22,3.092
510050.SH,2025-12-23,3.098
510050.SH,2025-12-24,3.099
510050.SH,2025-12-25,3.107
510050.SH,2025-12-26,3.12
510050.SH,2025-12-29,3.109
510050.SH,2025-12-30,3.108
510050.SH,2025-12-31,3.105
510050.SH,2026-01-05,3.174
510050.SH,2026-01-06,3.235
510050.SH,2026-01-07,3.22
510050.SH,2026-01-08,3.198
510050.SH,2026-01-09,3.209
510050.SH,2026-01-12,3.218
510050.SH,2026-01-13,3.214
510050.SH,2026-01-14,3.187
510050.SH,2026-01-15,3.18
510050.SH,2026-01-16,3.16
510050.SH,2026-01-19,3.153
510050.SH,2026-01-20,3.15
510050.SH,2026-01-21,3.145
510050.SH,2026-01-22,3.131
510050.SH,2026-01-23,3.106
510050.SH,2026-01-26,3.129
510050.SH,2026-01-27,3.131
510050.SH,2026-01-28,3.138
510050.SH,2026-01-29,3.196
510050.SH,2026-01-30,3.147
510050.SH,2026-02-02,3.08
510050.SH,2026-02-03,3.108
510050.SH,2026-02-04,3.147
510050.SH,2026-02-05,3.137
510050.SH,2026-02-06,3.115
510050.SH,2026-02-09,3.161
510050.SH,2026-02-10,3.17
510050.SH,2026-02-11,3.17
510050.SH,2026-02-12,3.161
510050.SH,2026-02-13,3.114
510050.SH,2026-02-24,3.119
510050.SH,2026-02-25,3.134
510050.SH,2026-02-26,3.115
510050.SH,2026-02-27,3.123
510050.SH,2026-03-02,3.125
510050.SH,2026-03-03,3.096
510050.SH,2026-03-04,3.051
510050.SH,2026-03-05,3.066
510050.SH,2026-03-06,3.068
510050.SH,2026-03-09,3.041
510050.SH,2026-03-10,3.06
510050.SH,2026-03-11,3.062
510050.SH,2026-03-12,3.047
510050.SH,2026-03-13,3.035
510050.SH,2026-03-16,3.028
510050.SH,2026-03-17,3.039
510050.SH,2026-03-18,3.035
510050.SH,2026-03-19,2.993
510050.SH,2026-03-20,2.957
510050.SH,2026-03-23,2.868
510050.SH,2026-03-24,2.9
510050.SH,2026-03-25,2.93
510050.SH,2026-03-26,2.897
510050.SH,2026-03-27,2.909
510050.SH,2026-03-30,2.905
510050.SH,2026-03-31,2.902
510050.SH,2026-04-01,2.951
510050.SH,2026-04-02,2.926
510050.SH,2026-04-03,2.901
510050.SH,2026-04-07,2.9
510050.SH,2026-04-08,2.978
510050.SH,2026-04-09,2.958
510050.SH,2026-04-10,2.972
510050.SH,2026-04-13,2.972
510050.SH,2026-04-14,2.997
510050.SH,2026-04-15,3.008
510050.SH,2026-04-16,3.014
510050.SH,2026-04-17,2.982
510050.SH,2026-04-20,3.007
510050.SH,2026-04-21,3.006
510050.SH,2026-04-22,3.005
510050.SH,2026-04-23,3.001
510050.SH,2026-04-24,3.018
510050.SH,2026-04-27,3.013
510050.SH,2026-04-28,3.024
510050.SH,2026-04-29,3.041
510050.SH,2026-04-30,3.062
510050.SH,2026-05-06,3.1
510050.SH,2026-05-07,3.103
510050.SH,2026-05-08,3.075
510150.SH,2025-05-12,0.53
510150.SH,2025-05-13,0.529
510150.SH,2025-05-14,0.535
510150.SH,2025-05-15,0.535
510150.SH,2025-05-16,0.533
510150.SH,2025-05-19,0.531
510150.SH,2025-05-20,0.536
510150.SH,2025-05-21,0.539
510150.SH,2025-05-22,0.537
510150.SH,2025-05-23,0.539
510150.SH,2025-05-26,0.533
510150.SH,2025-05-27,0.532
510150.SH,2025-05-28,0.533
510150.SH,2025-05-29,0.536
510150.SH,2025-05-30,0.535
510150.SH,2025-06-03,0.535
510150.SH,2025-06-04,0.536
510150.SH,2025-06-05,0.534
510150.SH,2025-06-06,0.531
510150.SH,2025-06-09,0.532
510150.SH,2025-06-10,0.53
510150.SH,2025-06-11,0.533
510150.SH,2025-06-12,0.532
510150.SH,2025-06-13,0.524
510150.SH,2025-06-16,0.522
510150.SH,2025-06-17,0.517
510150.SH,2025-06-18,0.518
510150.SH,2025-06-19,0.514
510150.SH,2025-06-20,0.516
510150.SH,2025-06-23,0.514
510150.SH,2025-06-24,0.519
510150.SH,2025-06-25,0.524
510150.SH,2025-06-26,0.52
510150.SH,2025-06-27,0.52
510150.SH,2025-06-30,0.522
510150.SH,2025-07-01,0.523
510150.SH,2025-07-02,0.523
510150.SH,2025-07-03,0.525
510150.SH,2025-07-04,0.527
510150.SH,2025-07-07,0.524
510150.SH,2025-07-08,0.527
510150.SH,2025-07-09,0.529
510150.SH,2025-07-10,0.528
510150.SH,2025-07-11,0.532
510150.SH,2025-07-14,0.533
510150.SH,2025-07-15,0.534
510150.SH,2025-07-16,0.535
510150.SH,2025-07-17,0.539
510150.SH,2025-07-18,0.544
510150.SH,2025-07-21,0.542
510150.SH,2025-07-22,0.546
510150.SH,2025-07-23,0.547
510150.SH,2025-07-24,0.553
510150.SH,2025-07-25,0.549
510150.SH,2025-07-28,0.554
510150.SH,2025-07-29,0.558
510150.SH,2025-07-30,0.561
510150.SH,2025-07-31,0.549
510150.SH,2025-08-01,0.546
510150.SH,2025-08-04,0.548
510150.SH,2025-08-05,0.552
510150.SH,2025-08-06,0.553
510150.SH,2025-08-07,0.549
510150.SH,2025-08-08,0.549
510150.SH,2025-08-11,0.552
510150.SH,2025-08-12,0.553
510150.SH,2025-08-13,0.558
510150.SH,2025-08-14,0.557
510150.SH,2025-08-15,0.561
510150.SH,2025-08-18,0.565
510150.SH,2025-08-19,0.563
510150.SH,2025-08-20,0.573
510150.SH,2025-08-21,0.575
510150.SH,2025-08-22,0.581
510150.SH,2025-08-25,0.594
510150.SH,2025-08-26,0.591
510150.SH,2025-08-27,0.578
510150.SH,2025-08-28,0.58
510150.SH,2025-08-29,0.595
510150.SH,2025-09-01,0.603
510150.SH,2025-09-02,0.604
510150.SH,2025-09-03,0.603
510150.SH,2025-09-04,0.592
510150.SH,2025-09-05,0.604
510150.SH,2025-09-08,0.614
510150.SH,2025-09-09,0.609
510150.SH,2025-09-10,0.605
510150.SH,2025-09-11,0.607
510150.SH,2025-09-12,0.604
510150.SH,2025-09-15,0.604
510150.SH,2025-09-16,0.606
510150.SH,2025-09-17,0.612
510150.SH,2025-09-18,0.606
510150.SH,2025-09-19,0.604
510150.SH,2025-09-22,0.602
510150.SH,2025-09-23,0.595
510150.SH,2025-09-24,0.598
510150.SH,2025-09-25,0.599
510150.SH,2025-09-26,0.594
510150.SH,2025-09-29,0.599
510150.SH,2025-09-30,0.607
510150.SH,2025-10-09,0.604
510150.SH,2025-10-10,0.596
510150.SH,2025-10-13,0.584
510150.SH,2025-10-14,0.578
510150.SH,2025-10-15,0.585
510150.SH,2025-10-16,0.588
510150.SH,2025-10-17,0.576
510150.SH,2025-10-20,0.578
510150.SH,2025-10-21,0.583
510150.SH,2025-10-22,0.578
510150.SH,2025-10-23,0.58
510150.SH,2025-10-24,0.581
510150.SH,2025-10-27,0.584
510150.SH,2025-10-28,0.579
510150.SH,2025-10-29,0.582
510150.SH,2025-10-30,0.574
510150.SH,2025-10-31,0.579
510150.SH,2025-11-03,0.575
510150.SH,2025-11-04,0.567
510150.SH,2025-11-05,0.566
510150.SH,2025-11-06,0.569
510150.SH,2025-11-07,0.566
510150.SH,2025-11-10,0.575
510150.SH,2025-11-11,0.573
510150.SH,2025-11-12,0.576
510150.SH,2025-11-13,0.58
510150.SH,2025-11-14,0.575
510150.SH,2025-11-17,0.569
510150.SH,2025-11-18,0.567
510150.SH,2025-11-19,0.564
510150.SH,2025-11-20,0.561
510150.SH,2025-11-21,0.553
510150.SH,2025-11-24,0.555
510150.SH,2025-11-25,0.559
510150.SH,2025-11-26,0.561
510150.SH,2025-11-27,0.558
510150.SH,2025-11-28,0.559
510150.SH,2025-12-01,0.564
510150.SH,2025-12-02,0.559
510150.SH,2025-12-03,0.557
510150.SH,2025-12-04,0.555
510150.SH,2025-12-05,0.558
510150.SH,2025-12-08,0.558
510150.SH,2025-12-09,0.553
510150.SH,2025-12-10,0.558
510150.SH,2025-12-11,0.556
510150.SH,2025-12-12,0.556
510150.SH,2025-12-15,0.554
510150.SH,2025-12-16,0.55
510150.SH,2025-12-17,0.555
510150.SH,2025-12-18,0.553
510150.SH,2025-12-19,0.561
510150.SH,2025-12-22,0.563
510150.SH,2025-12-23,0.558
510150.SH,2025-12-24,0.557
510150.SH,2025-12-25,0.559
510150.SH,2025-12-26,0.561
510150.SH,2025-12-29,0.558
510150.SH,2025-12-30,0.557
510150.SH,2025-12-31,0.556
510150.SH,2026-01-05,0.567
510150.SH,2026-01-06,0.572
510150.SH,2026-01-07,0.573
510150.SH,2026-01-08,0.57
510150.SH,2026-01-09,0.575
510150.SH,2026-01-12,0.577
510150.SH,2026-01-13,0.575
510150.SH,2026-01-14,0.571
510150.SH,2026-01-15,0.569
510150.SH,2026-01-16,0.568
510150.SH,2026-01-19,0.567
510150.SH,2026-01-20,0.565
510150.SH,2026-01-21,0.563
510150.SH,2026-01-22,0.558
510150.SH,2026-01-23,0.561
510150.SH,2026-01-26,0.555
510150.SH,2026-01-27,0.551
510150.SH,2026-01-28,0.546
510150.SH,2026-01-29,0.56
510150.SH,2026-01-30,0.548
510150.SH,2026-02-02,0.54
510150.SH,2026-02-03,0.549
510150.SH,2026-02-04,0.557
510150.SH,2026-02-05,0.562
510150.SH,2026-02-06,0.558
510150.SH,2026-02-09,0.56
510150.SH,2026-02-10,0.56
510150.SH,2026-02-11,0.56
510150.SH,2026-02-12,0.557
510150.SH,2026-02-13,0.552
510150.SH,2026-02-24,0.549
510150.SH,2026-02-25,0.551
510150.SH,2026-02-26,0.544
510150.SH,2026-02-27,0.544
510150.SH,2026-03-02,0.535
510150.SH,2026-03-03,0.526
510150.SH,2026-03-04,0.519
510150.SH,2026-03-05,0.52
510150.SH,2026-03-06,0.527
510150.SH,2026-03-09,0.521
510150.SH,2026-03-10,0.53
510150.SH,2026-03-11,0.531
510150.SH,2026-03-12,0.526
510150.SH,2026-03-13,0.525
510150.SH,2026-03-16,0.529
510150.SH,2026-03-17,0.53
510150.SH,2026-03-18,0.53
510150.SH,2026-03-19,0.521
510150.SH,2026-03-20,0.516
510150.SH,2026-03-23,0.499
510150.SH,2026-03-24,0.503
510150.SH,2026-03-25,0.509
510150.SH,2026-03-26,0.503
510150.SH,2026-03-27,0.512
510150.SH,2026-03-30,0.514
510150.SH,2026-03-31,0.513
510150.SH,2026-04-01,0.525
510150.SH,2026-04-02,0.524
510150.SH,2026-04-03,0.516
510150.SH,2026-04-07,0.514
510150.SH,2026-04-08,0.524
510150.SH,2026-04-09,0.52
510150.SH,2026-04-10,0.522
510150.SH,2026-04-13,0.518
510150.SH,2026-04-14,0.52
510150.SH,2026-04-15,0.525
510150.SH,2026-04-16,0.526
510150.SH,2026-04-17,0.517
510150.SH,2026-04-20,0.517
510150.SH,2026-04-21,0.517
510150.SH,2026-04-22,0.515
510150.SH,2026-04-23,0.517
510150.SH,2026-04-24,0.515
510150.SH,2026-04-27,0.512
510150.SH,2026-04-28,0.515
510150.SH,2026-04-29,0.519
510150.SH,2026-04-30,0.518
510150.SH,2026-05-06,0.517
510150.SH,2026-05-07,0.518
510150.SH,2026-05-08,0.517
510230.SH,2025-05-12,1.338
510230.SH,2025-05-13,1.347
510230.SH,2025-05-14,1.374
510230.SH,2025-05-15,1.369
510230.SH,2025-05-16,1.351
510230.SH,2025-05-19,1.349
510230.SH,2025-05-20,1.351
510230.SH,2025-05-21,1.356
510230.SH,2025-05-22,1.362
510230.SH,2025-05-23,1.347
510230.SH,2025-05-26,1.34
510230.SH,2025-05-27,1.345
510230.SH,2025-05-28,1.346
510230.SH,2025-05-29,1.346
510230.SH,2025-05-30,1.35
510230.SH,2025-06-03,1.366
510230.SH,2025-06-04,1.37
510230.SH,2025-06-05,1.374
510230.SH,2025-06-06,1.371
510230.SH,2025-06-09,1.378
510230.SH,2025-06-10,1.375
510230.SH,2025-06-11,1.391
510230.SH,2025-06-12,1.395
510230.SH,2025-06-13,1.384
510230.SH,2025-06-16,1.4
510230.SH,2025-06-17,1.398
510230.SH,2025-06-18,1.401
510230.SH,2025-06-19,1.392
510230.SH,2025-06-20,1.408
510230.SH,2025-06-23,1.427
510230.SH,2025-06-24,1.376
510230.SH,2025-06-25,1.409
510230.SH,2025-06-26,1.404
510230.SH,2025-06-27,1.379
510230.SH,2025-06-30,1.376
510230.SH,2025-07-01,1.384
510230.SH,2025-07-02,1.39
510230.SH,2025-07-03,1.393
510230.SH,2025-07-04,1.413
510230.SH,2025-07-07,1.416
510230.SH,2025-07-08,1.415
510230.SH,2025-07-09,1.416
510230.SH,2025-07-10,1.432
510230.SH,2025-07-11,1.422
510230.SH,2025-07-14,1.427
510230.SH,2025-07-15,1.416
510230.SH,2025-07-16,1.409
510230.SH,2025-07-17,1.408
510230.SH,2025-07-18,1.417
510230.SH,2025-07-21,1.414
510230.SH,2025-07-22,1.401
510230.SH,2025-07-23,1.416
510230.SH,2025-07-24,1.414
510230.SH,2025-07-25,1.406
510230.SH,2025-07-28,1.419
510230.SH,2025-07-29,1.407
510230.SH,2025-07-30,1.415
510230.SH,2025-07-31,1.396
510230.SH,2025-08-01,1.39
510230.SH,2025-08-04,1.399
510230.SH,2025-08-05,1.42
510230.SH,2025-08-06,1.419
510230.SH,2025-08-07,1.423
510230.SH,2025-08-08,1.414
510230.SH,2025-08-11,1.409
510230.SH,2025-08-12,1.415
510230.SH,2025-08-13,1.41
510230.SH,2025-08-14,1.418
510230.SH,2025-08-15,1.415
510230.SH,2025-08-18,1.419
510230.SH,2025-08-19,1.41
510230.SH,2025-08-20,1.422
510230.SH,2025-08-21,1.426
510230.SH,2025-08-22,1.439
510230.SH,2025-08-25,1.449
510230.SH,2025-08-26,1.435
510230.SH,2025-08-27,1.406
510230.SH,2025-08-28,1.415
510230.SH,2025-08-29,1.411
510230.SH,2025-09-01,1.393
510230.SH,2025-09-02,1.403
510230.SH,2025-09-03,1.38
510230.SH,2025-09-04,1.385
510230.SH,2025-09-05,1.379
510230.SH,2025-09-08,1.369
510230.SH,2025-09-09,1.375
510230.SH,2025-09-10,1.377
510230.SH,2025-09-11,1.394
510230.SH,2025-09-12,1.372
510230.SH,2025-09-15,1.361
510230.SH,2025-09-16,1.347
510230.SH,2025-09-17,1.343
510230.SH,2025-09-18,1.314
510230.SH,2025-09-19,1.314
510230.SH,2025-09-22,1.307
510230.SH,2025-09-23,1.317
510230.SH,2025-09-24,1.315
510230.SH,2025-09-25,1.309
510230.SH,2025-09-26,1.311
510230.SH,2025-09-29,1.327
510230.SH,2025-09-30,1.311
510230.SH,2025-10-09,1.308
510230.SH,2025-10-10,1.317
510230.SH,2025-10-13,1.32
510230.SH,2025-10-14,1.346
510230.SH,2025-10-15,1.359
510230.SH,2025-10-16,1.375
510230.SH,2025-10-17,1.364
510230.SH,2025-10-20,1.364
510230.SH,2025-10-21,1.367
510230.SH,2025-10-22,1.374
510230.SH,2025-10-23,1.383
510230.SH,2025-10-24,1.382
510230.SH,2025-10-27,1.387
510230.SH,2025-10-28,1.385
510230.SH,2025-10-29,1.378
510230.SH,2025-10-30,1.372
510230.SH,2025-10-31,1.363
510230.SH,2025-11-03,1.372
510230.SH,2025-11-04,1.39
510230.SH,2025-11-05,1.388
510230.SH,2025-11-06,1.389
510230.SH,2025-11-07,1.387
510230.SH,2025-11-10,1.399
510230.SH,2025-11-11,1.394
510230.SH,2025-11-12,1.407
510230.SH,2025-11-13,1.409
510230.SH,2025-11-14,1.405
510230.SH,2025-11-17,1.385
510230.SH,2025-11-18,1.384
510230.SH,2025-11-19,1.396
510230.SH,2025-11-20,1.405
510230.SH,2025-11-21,1.38
510230.SH,2025-11-24,1.372
510230.SH,2025-11-25,1.388
510230.SH,2025-11-26,1.382
510230.SH,2025-11-27,1.385
510230.SH,2025-11-28,1.379
510230.SH,2025-12-01,1.384
510230.SH,2025-12-02,1.384
510230.SH,2025-12-03,1.374
510230.SH,2025-12-04,1.368
510230.SH,2025-12-05,1.387
510230.SH,2025-12-08,1.401
510230.SH,2025-12-09,1.393
510230.SH,2025-12-10,1.379
510230.SH,2025-12-11,1.381
510230.SH,2025-12-12,1.382
510230.SH,2025-12-15,1.4
510230.SH,2025-12-16,1.393
510230.SH,2025-12-17,1.407
510230.SH,2025-12-18,1.419
510230.SH,2025-12-19,1.417
510230.SH,2025-12-22,1.412
510230.SH,2025-12-23,1.419
510230.SH,2025-12-24,1.415
510230.SH,2025-12-25,1.423
510230.SH,2025-12-26,1.422
510230.SH,2025-12-29,1.424
510230.SH,2025-12-30,1.42
510230.SH,2025-12-31,1.417
510230.SH,2026-01-05,1.44
510230.SH,2026-01-06,1.464
510230.SH,2026-01-07,1.456
510230.SH,2026-01-08,1.423
510230.SH,2026-01-09,1.415
510230.SH,2026-01-12,1.414
510230.SH,2026-01-13,1.422
510230.SH,2026-01-14,1.399
510230.SH,2026-01-15,1.389
510230.SH,2026-01-16,1.371
510230.SH,2026-01-19,1.367
510230.SH,2026-01-20,1.377
510230.SH,2026-01-21,1.358
510230.SH,2026-01-22,1.347
510230.SH,2026-01-23,1.331
510230.SH,2026-01-26,1.345
510230.SH,2026-01-27,1.347
510230.SH,2026-01-28,1.336
510230.SH,2026-01-29,1.368
510230.SH,2026-01-30,1.354
510230.SH,2026-02-02,1.347
510230.SH,2026-02-03,1.342
510230.SH,2026-02-04,1.357
510230.SH,2026-02-05,1.372
510230.SH,2026-02-06,1.365
510230.SH,2026-02-09,1.378
510230.SH,2026-02-10,1.379
510230.SH,2026-02-11,1.376
510230.SH,2026-02-12,1.359
510230.SH,2026-02-13,1.348
510230.SH,2026-02-24,1.34
510230.SH,2026-02-25,1.338
510230.SH,2026-02-26,1.325
510230.SH,2026-02-27,1.325
510230.SH,2026-03-02,1.321
510230.SH,2026-03-03,1.328
510230.SH,2026-03-04,1.304
510230.SH,2026-03-05,1.318
510230.SH,2026-03-06,1.322
510230.SH,2026-03-09,1.307
510230.SH,2026-03-10,1.314
510230.SH,2026-03-11,1.323
510230.SH,2026-03-12,1.323
510230.SH,2026-03-13,1.322
510230.SH,2026-03-16,1.323
510230.SH,2026-03-17,1.336
510230.SH,2026-03-18,1.334
510230.SH,2026-03-19,1.322
510230.SH,2026-03-20,1.316
510230.SH,2026-03-23,1.27
510230.SH,2026-03-24,1.287
510230.SH,2026-03-25,1.298
510230.SH,2026-03-26,1.286
510230.SH,2026-03-27,1.285
510230.SH,2026-03-30,1.285
510230.SH,2026-03-31,1.289
510230.SH,2026-04-01,1.3
510230.SH,2026-04-02,1.295
510230.SH,2026-04-03,1.285
510230.SH,2026-04-07,1.272
510230.SH,2026-04-08,1.299
510230.SH,2026-04-09,1.284
510230.SH,2026-04-10,1.295
510230.SH,2026-04-13,1.293
510230.SH,2026-04-14,1.303
510230.SH,2026-04-15,1.308
510230.SH,2026-04-16,1.308
510230.SH,2026-04-17,1.299
510230.SH,2026-04-20,1.308
510230.SH,2026-04-21,1.31
510230.SH,2026-04-22,1.305
510230.SH,2026-04-23,1.303
510230.SH,2026-04-24,1.3
510230.SH,2026-04-27,1.293
510230.SH,2026-04-28,1.3
510230.SH,2026-04-29,1.301
510230.SH,2026-04-30,1.298
510230.SH,2026-05-06,1.295
510230.SH,2026-05-07,1.293
510230.SH,2026-05-08,1.291
510270.SH,2025-05-12,1.324
510270.SH,2025-05-13,1.328
510270.SH,2025-05-14,1.347
510270.SH,2025-05-15,1.336
510270.SH,2025-05-16,1.333
510270.SH,2025-05-19,1.33
510270.SH,2025-05-20,1.336
510270.SH,2025-05-21,1.344
510270.SH,2025-05-22,1.348
510270.SH,2025-05-23,1.338
510270.SH,2025-05-26,1.333
510270.SH,2025-05-27,1.327
510270.SH,2025-05-28,1.327
510270.SH,2025-05-29,1.33
510270.SH,2025-05-30,1.33
510270.SH,2025-06-03,1.33
510270.SH,2025-06-04,1.332
510270.SH,2025-06-05,1.328
510270.SH,2025-06-06,1.335
510270.SH,2025-06-09,1.332
510270.SH,2025-06-10,1.334
510270.SH,2025-06-11,1.342
510270.SH,2025-06-12,1.341
510270.SH,2025-06-13,1.338
510270.SH,2025-06-16,1.337
510270.SH,2025-06-17,1.344
510270.SH,2025-06-18,1.344
510270.SH,2025-06-19,1.335
510270.SH,2025-06-20,1.341
510270.SH,2025-06-23,1.35
510270.SH,2025-06-24,1.359
510270.SH,2025-06-25,1.373
510270.SH,2025-06-26,1.372
510270.SH,2025-06-27,1.356
510270.SH,2025-06-30,1.365
510270.SH,2025-07-01,1.366
510270.SH,2025-07-02,1.372
510270.SH,2025-07-03,1.373
510270.SH,2025-07-04,1.38
510270.SH,2025-07-07,1.377
510270.SH,2025-07-08,1.378
510270.SH,2025-07-09,1.378
510270.SH,2025-07-10,1.384
510270.SH,2025-07-11,1.385
510270.SH,2025-07-14,1.386
510270.SH,2025-07-15,1.38
510270.SH,2025-07-16,1.369
510270.SH,2025-07-17,1.376
510270.SH,2025-07-18,1.39
510270.SH,2025-07-21,1.399
510270.SH,2025-07-22,1.412
510270.SH,2025-07-23,1.413
510270.SH,2025-07-24,1.414
510270.SH,2025-07-25,1.405
510270.SH,2025-07-28,1.408
510270.SH,2025-07-29,1.402
510270.SH,2025-07-30,1.408
510270.SH,2025-07-31,1.378
510270.SH,2025-08-01,1.378
510270.SH,2025-08-04,1.383
510270.SH,2025-08-05,1.396
510270.SH,2025-08-06,1.396
510270.SH,2025-08-07,1.398
510270.SH,2025-08-08,1.396
510270.SH,2025-08-11,1.399
510270.SH,2025-08-12,1.4
510270.SH,2025-08-13,1.401
510270.SH,2025-08-14,1.399
510270.SH,2025-08-15,1.406
510270.SH,2025-08-18,1.418
510270.SH,2025-08-19,1.407
510270.SH,2025-08-20,1.411
510270.SH,2025-08-21,1.421
510270.SH,2025-08-22,1.445
510270.SH,2025-08-25,1.466
510270.SH,2025-08-26,1.46
510270.SH,2025-08-27,1.433
510270.SH,2025-08-28,1.437
510270.SH,2025-08-29,1.44
510270.SH,2025-09-01,1.451
510270.SH,2025-09-02,1.455
510270.SH,2025-09-03,1.417
510270.SH,2025-09-04,1.422
510270.SH,2025-09-05,1.43
510270.SH,2025-09-08,1.43
510270.SH,2025-09-09,1.438
510270.SH,2025-09-10,1.44
510270.SH,2025-09-11,1.456
510270.SH,2025-09-12,1.443
510270.SH,2025-09-15,1.436
510270.SH,2025-09-16,1.425
510270.SH,2025-09-17,1.426
510270.SH,2025-09-18,1.404
510270.SH,2025-09-19,1.412
510270.SH,2025-09-22,1.406
510270.SH,2025-09-23,1.412
510270.SH,2025-09-24,1.416
510270.SH,2025-09-25,1.418
510270.SH,2025-09-26,1.42
510270.SH,2025-09-29,1.44
510270.SH,2025-09-30,1.44
510270.SH,2025-10-09,1.468
510270.SH,2025-10-10,1.462
510270.SH,2025-10-13,1.466
510270.SH,2025-10-14,1.471
510270.SH,2025-10-15,1.484
510270.SH,2025-10-16,1.488
510270.SH,2025-10-17,1.47
510270.SH,2025-10-20,1.468
510270.SH,2025-10-21,1.475
510270.SH,2025-10-22,1.472
510270.SH,2025-10-23,1.484
510270.SH,2025-10-24,1.484
510270.SH,2025-10-27,1.5
510270.SH,2025-10-28,1.493
510270.SH,2025-10-29,1.5
510270.SH,2025-10-30,1.502
510270.SH,2025-10-31,1.486
510270.SH,2025-11-03,1.492
510270.SH,2025-11-04,1.486
510270.SH,2025-11-05,1.495
510270.SH,2025-11-06,1.507
510270.SH,2025-11-07,1.507
510270.SH,2025-11-10,1.523
510270.SH,2025-11-11,1.516
510270.SH,2025-11-12,1.52
510270.SH,2025-11-13,1.528
510270.SH,2025-11-14,1.516
510270.SH,2025-11-17,1.498
510270.SH,2025-11-18,1.484
510270.SH,2025-11-19,1.504
510270.SH,2025-11-20,1.496
510270.SH,2025-11-21,1.474
510270.SH,2025-11-24,1.461
510270.SH,2025-11-25,1.47
510270.SH,2025-11-26,1.468
510270.SH,2025-11-27,1.473
510270.SH,2025-11-28,1.472
510270.SH,2025-12-01,1.489
510270.SH,2025-12-02,1.482
510270.SH,2025-12-03,1.477
510270.SH,2025-12-04,1.477
510270.SH,2025-12-05,1.486
510270.SH,2025-12-08,1.495
510270.SH,2025-12-09,1.477
510270.SH,2025-12-10,1.477
510270.SH,2025-12-11,1.472
510270.SH,2025-12-12,1.481
510270.SH,2025-12-15,1.484
510270.SH,2025-12-16,1.47
510270.SH,2025-12-17,1.489
510270.SH,2025-12-18,1.495
510270.SH,2025-12-19,1.496
510270.SH,2025-12-22,1.503
510270.SH,2025-12-23,1.503
510270.SH,2025-12-24,1.505
510270.SH,2025-12-25,1.506
510270.SH,2025-12-26,1.514
510270.SH,2025-12-29,1.507
510270.SH,2025-12-30,1.506
510270.SH,2025-12-31,1.51
510270.SH,2026-01-05,1.534
510270.SH,2026-01-06,1.568
510270.SH,2026-01-07,1.56
510270.SH,2026-01-08,1.554
510270.SH,2026-01-09,1.562
510270.SH,2026-01-12,1.568
510270.SH,2026-01-13,1.569
510270.SH,2026-01-14,1.555
510270.SH,2026-01-15,1.551
510270.SH,2026-01-16,1.544
510270.SH,2026-01-19,1.542
510270.SH,2026-01-20,1.552
510270.SH,2026-01-21,1.543
510270.SH,2026-01-22,1.541
510270.SH,2026-01-23,1.534
510270.SH,2026-01-26,1.548
510270.SH,2026-01-27,1.55
510270.SH,2026-01-28,1.565
510270.SH,2026-01-29,1.603
510270.SH,2026-01-30,1.566
510270.SH,2026-02-02,1.517
510270.SH,2026-02-03,1.536
510270.SH,2026-02-04,1.568
510270.SH,2026-02-05,1.558
510270.SH,2026-02-06,1.553
510270.SH,2026-02-09,1.566
510270.SH,2026-02-10,1.566
510270.SH,2026-02-11,1.578
510270.SH,2026-02-12,1.571
510270.SH,2026-02-13,1.548
510270.SH,2026-02-24,1.564
510270.SH,2026-02-25,1.577
510270.SH,2026-02-26,1.569
510270.SH,2026-02-27,1.576
510270.SH,2026-03-02,1.598
510270.SH,2026-03-03,1.589
510270.SH,2026-03-04,1.57
510270.SH,2026-03-05,1.57
510270.SH,2026-03-06,1.572
510270.SH,2026-03-09,1.56
510270.SH,2026-03-10,1.56
510270.SH,2026-03-11,1.567
510270.SH,2026-03-12,1.568
510270.SH,2026-03-13,1.559
510270.SH,2026-03-16,1.546
510270.SH,2026-03-17,1.548
510270.SH,2026-03-18,1.548
510270.SH,2026-03-19,1.52
510270.SH,2026-03-20,1.51
510270.SH,2026-03-23,1.468
510270.SH,2026-03-24,1.482
510270.SH,2026-03-25,1.495
510270.SH,2026-03-26,1.481
510270.SH,2026-03-27,1.488
510270.SH,2026-03-30,1.488
510270.SH,2026-03-31,1.485
510270.SH,2026-04-01,1.5
510270.SH,2026-04-02,1.491
510270.SH,2026-04-03,1.48
510270.SH,2026-04-07,1.479
510270.SH,2026-04-08,1.511
510270.SH,2026-04-09,1.5
510270.SH,2026-04-10,1.508
510270.SH,2026-04-13,1.503
510270.SH,2026-04-14,1.512
510270.SH,2026-04-15,1.513
510270.SH,2026-04-16,1.519
510270.SH,2026-04-17,1.508
510270.SH,2026-04-20,1.511
510270.SH,2026-04-21,1.522
510270.SH,2026-04-22,1.52
510270.SH,2026-04-23,1.517
510270.SH,2026-04-24,1.52
510270.SH,2026-04-27,1.506
510270.SH,2026-04-28,1.513
510270.SH,2026-04-29,1.528
510270.SH,2026-04-30,1.519
510270.SH,2026-05-06,1.53
510270.SH,2026-05-07,1.518
510270.SH,2026-05-08,1.518
510300.SH,2025-05-12,3.99
510300.SH,2025-05-13,3.994
510300.SH,2025-05-14,4.045
510300.SH,2025-05-15,4.011
510300.SH,2025-05-16,3.989
510300.SH,2025-05-19,3.983
510300.SH,2025-05-20,4.003
510300.SH,2025-05-21,4.019
510300.SH,2025-05-22,4.017
510300.SH,2025-05-23,3.988
510300.SH,2025-05-26,3.967
510300.SH,2025-05-27,3.946
510300.SH,2025-05-28,3.942
510300.SH,2025-05-29,3.966
510300.SH,2025-05-30,3.959
510300.SH,2025-06-03,3.957
510300.SH,2025-06-04,3.974
510300.SH,2025-06-05,3.984
510300.SH,2025-06-06,3.986
510300.SH,2025-06-09,3.995
510300.SH,2025-06-10,3.972
510300.SH,2025-06-11,4.004
510300.SH,2025-06-12,4.006
510300.SH,2025-06-13,3.98
510300.SH,2025-06-16,3.99
510300.SH,2025-06-17,3.989
510300.SH,2025-06-18,3.904
510300.SH,2025-06-19,3.873
510300.SH,2025-06-20,3.878
510300.SH,2025-06-23,3.891
510300.SH,2025-06-24,3.936
510300.SH,2025-06-25,4.001
510300.SH,2025-06-26,3.986
510300.SH,2025-06-27,3.963
510300.SH,2025-06-30,3.982
510300.SH,2025-07-01,3.988
510300.SH,2025-07-02,3.992
510300.SH,2025-07-03,4.015
510300.SH,2025-07-04,4.032
510300.SH,2025-07-07,4.014
510300.SH,2025-07-08,4.048
510300.SH,2025-07-09,4.045
510300.SH,2025-07-10,4.065
510300.SH,2025-07-11,4.079
510300.SH,2025-07-14,4.078
510300.SH,2025-07-15,4.078
510300.SH,2025-07-16,4.069
510300.SH,2025-07-17,4.102
510300.SH,2025-07-18,4.132
510300.SH,2025-07-21,4.157
510300.SH,2025-07-22,4.201
510300.SH,2025-07-23,4.199
510300.SH,2025-07-24,4.225
510300.SH,2025-07-25,4.203
510300.SH,2025-07-28,4.214
510300.SH,2025-07-29,4.235
510300.SH,2025-07-30,4.232
510300.SH,2025-07-31,4.155
510300.SH,2025-08-01,4.133
510300.SH,2025-08-04,4.152
510300.SH,2025-08-05,4.183
510300.SH,2025-08-06,4.194
510300.SH,2025-08-07,4.193
510300.SH,2025-08-08,4.183
510300.SH,2025-08-11,4.202
510300.SH,2025-08-12,4.228
510300.SH,2025-08-13,4.263
510300.SH,2025-08-14,4.256
510300.SH,2025-08-15,4.295
510300.SH,2025-08-18,4.327
510300.SH,2025-08-19,4.305
510300.SH,2025-08-20,4.364
510300.SH,2025-08-21,4.378
510300.SH,2025-08-22,4.479
510300.SH,2025-08-25,4.565
510300.SH,2025-08-26,4.541
510300.SH,2025-08-27,4.475
510300.SH,2025-08-28,4.559
510300.SH,2025-08-29,4.601
510300.SH,2025-09-01,4.616
510300.SH,2025-09-02,4.59
510300.SH,2025-09-03,4.549
510300.SH,2025-09-04,4.456
510300.SH,2025-09-05,4.554
510300.SH,2025-09-08,4.555
510300.SH,2025-09-09,4.528
510300.SH,2025-09-10,4.538
510300.SH,2025-09-11,4.66
510300.SH,2025-09-12,4.621
510300.SH,2025-09-15,4.629
510300.SH,2025-09-16,4.62
510300.SH,2025-09-17,4.653
510300.SH,2025-09-18,4.594
510300.SH,2025-09-19,4.604
510300.SH,2025-09-22,4.619
510300.SH,2025-09-23,4.622
510300.SH,2025-09-24,4.663
510300.SH,2025-09-25,4.695
510300.SH,2025-09-26,4.651
510300.SH,2025-09-29,4.728
510300.SH,2025-09-30,4.741
510300.SH,2025-10-09,4.816
510300.SH,2025-10-10,4.719
510300.SH,2025-10-13,4.692
510300.SH,2025-10-14,4.645
510300.SH,2025-10-15,4.706
510300.SH,2025-10-16,4.721
510300.SH,2025-10-17,4.624
510300.SH,2025-10-20,4.64
510300.SH,2025-10-21,4.71
510300.SH,2025-10-22,4.695
510300.SH,2025-10-23,4.713
510300.SH,2025-10-24,4.77
510300.SH,2025-10-27,4.826
510300.SH,2025-10-28,4.802
510300.SH,2025-10-29,4.862
510300.SH,2025-10-30,4.823
510300.SH,2025-10-31,4.756
510300.SH,2025-11-03,4.763
510300.SH,2025-11-04,4.729
510300.SH,2025-11-05,4.735
510300.SH,2025-11-06,4.805
510300.SH,2025-11-07,4.795
510300.SH,2025-11-10,4.807
510300.SH,2025-11-11,4.763
510300.SH,2025-11-12,4.765
510300.SH,2025-11-13,4.812
510300.SH,2025-11-14,4.741
510300.SH,2025-11-17,4.71
510300.SH,2025-11-18,4.683
510300.SH,2025-11-19,4.697
510300.SH,2025-11-20,4.676
510300.SH,2025-11-21,4.564
510300.SH,2025-11-24,4.557
510300.SH,2025-11-25,4.597
510300.SH,2025-11-26,4.626
510300.SH,2025-11-27,4.622
510300.SH,2025-11-28,4.635
510300.SH,2025-12-01,4.687
510300.SH,2025-12-02,4.666
510300.SH,2025-12-03,4.645
510300.SH,2025-12-04,4.657
510300.SH,2025-12-05,4.698
510300.SH,2025-12-08,4.732
510300.SH,2025-12-09,4.708
510300.SH,2025-12-10,4.702
510300.SH,2025-12-11,4.668
510300.SH,2025-12-12,4.694
510300.SH,2025-12-15,4.667
510300.SH,2025-12-16,4.62
510300.SH,2025-12-17,4.699
510300.SH,2025-12-18,4.668
510300.SH,2025-12-19,4.688
510300.SH,2025-12-22,4.73
510300.SH,2025-12-23,4.74
510300.SH,2025-12-24,4.757
510300.SH,2025-12-25,4.766
510300.SH,2025-12-26,4.784
510300.SH,2025-12-29,4.763
510300.SH,2025-12-30,4.773
510300.SH,2025-12-31,4.753
510300.SH,2026-01-05,4.844
510300.SH,2026-01-06,4.919
510300.SH,2026-01-07,4.901
510300.SH,2026-01-08,4.863
510300.SH,2026-01-09,4.885
510300.SH,2026-01-12,4.913
510300.SH,2026-01-13,4.896
510300.SH,2026-01-14,4.866
510300.SH,2026-01-15,4.875
510300.SH,2026-01-16,4.859
510300.SH,2026-01-19,4.738
510300.SH,2026-01-20,4.724
510300.SH,2026-01-21,4.73
510300.SH,2026-01-22,4.727
510300.SH,2026-01-23,4.704
510300.SH,2026-01-26,4.712
510300.SH,2026-01-27,4.71
510300.SH,2026-01-28,4.725
510300.SH,2026-01-29,4.768
510300.SH,2026-01-30,4.711
510300.SH,2026-02-02,4.6
510300.SH,2026-02-03,4.664
510300.SH,2026-02-04,4.707
510300.SH,2026-02-05,4.679
510300.SH,2026-02-06,4.649
510300.SH,2026-02-09,4.727
510300.SH,2026-02-10,4.733
510300.SH,2026-02-11,4.723
510300.SH,2026-02-12,4.727
510300.SH,2026-02-13,4.671
510300.SH,2026-02-24,4.716
510300.SH,2026-02-25,4.75
510300.SH,2026-02-26,4.735
510300.SH,2026-02-27,4.725
510300.SH,2026-03-02,4.739
510300.SH,2026-03-03,4.678
510300.SH,2026-03-04,4.61
510300.SH,2026-03-05,4.654
510300.SH,2026-03-06,4.667
510300.SH,2026-03-09,4.629
510300.SH,2026-03-10,4.683
510300.SH,2026-03-11,4.711
510300.SH,2026-03-12,4.694
510300.SH,2026-03-13,4.677
510300.SH,2026-03-16,4.68
510300.SH,2026-03-17,4.646
510300.SH,2026-03-18,4.662
510300.SH,2026-03-19,4.599
510300.SH,2026-03-20,4.576
510300.SH,2026-03-23,4.43
510300.SH,2026-03-24,4.479
510300.SH,2026-03-25,4.544
510300.SH,2026-03-26,4.488
510300.SH,2026-03-27,4.508
510300.SH,2026-03-30,4.5
510300.SH,2026-03-31,4.463
510300.SH,2026-04-01,4.534
510300.SH,2026-04-02,4.489
510300.SH,2026-04-03,4.454
510300.SH,2026-04-07,4.446
510300.SH,2026-04-08,4.602
510300.SH,2026-04-09,4.572
510300.SH,2026-04-10,4.642
510300.SH,2026-04-13,4.652
510300.SH,2026-04-14,4.712
510300.SH,2026-04-15,4.694
510300.SH,2026-04-16,4.746
510300.SH,2026-04-17,4.739
510300.SH,2026-04-20,4.765
510300.SH,2026-04-21,4.776
510300.SH,2026-04-22,4.811
510300.SH,2026-04-23,4.801
510300.SH,2026-04-24,4.782
510300.SH,2026-04-27,4.782
510300.SH,2026-04-28,4.77
510300.SH,2026-04-29,4.821
510300.SH,2026-04-30,4.824
510300.SH,2026-05-06,4.888
510300.SH,2026-05-07,4.912
510300.SH,2026-05-08,4.886
510310.SH,2025-05-12,3.813
510310.SH,2025-05-13,3.819
510310.SH,2025-05-14,3.865
510310.SH,2025-05-15,3.833
510310.SH,2025-05-16,3.813
510310.SH,2025-05-19,3.807
510310.SH,2025-05-20,3.826
510310.SH,2025-05-21,3.844
510310.SH,2025-05-22,3.84
510310.SH,2025-05-23,3.812
510310.SH,2025-05-26,3.793
510310.SH,2025-05-27,3.771
510310.SH,2025-05-28,3.768
510310.SH,2025-05-29,3.789
510310.SH,2025-05-30,3.783
510310.SH,2025-06-03,3.782
510310.SH,2025-06-04,3.798
510310.SH,2025-06-05,3.808
510310.SH,2025-06-06,3.81
510310.SH,2025-06-09,3.818
510310.SH,2025-06-10,3.797
510310.SH,2025-06-11,3.826
510310.SH,2025-06-12,3.829
510310.SH,2025-06-13,3.806
510310.SH,2025-06-16,3.814
510310.SH,2025-06-17,3.812
510310.SH,2025-06-18,3.816
510310.SH,2025-06-19,3.786
510310.SH,2025-06-20,3.79
510310.SH,2025-06-23,3.805
510310.SH,2025-06-24,3.847
510310.SH,2025-06-25,3.91
510310.SH,2025-06-26,3.897
510310.SH,2025-06-27,3.873
510310.SH,2025-06-30,3.894
510310.SH,2025-07-01,3.899
510310.SH,2025-07-02,3.905
510310.SH,2025-07-03,3.926
510310.SH,2025-07-04,3.942
510310.SH,2025-07-07,3.924
510310.SH,2025-07-08,3.957
510310.SH,2025-07-09,3.955
510310.SH,2025-07-10,3.973
510310.SH,2025-07-11,3.989
510310.SH,2025-07-14,3.986
510310.SH,2025-07-15,3.987
510310.SH,2025-07-16,3.977
510310.SH,2025-07-17,4.009
510310.SH,2025-07-18,4.039
510310.SH,2025-07-21,4.066
510310.SH,2025-07-22,4.107
510310.SH,2025-07-23,4.104
510310.SH,2025-07-24,4.129
510310.SH,2025-07-25,4.109
510310.SH,2025-07-28,4.12
510310.SH,2025-07-29,4.14
510310.SH,2025-07-30,4.136
510310.SH,2025-07-31,4.063
510310.SH,2025-08-01,4.005
510310.SH,2025-08-04,4.017
510310.SH,2025-08-05,4.049
510310.SH,2025-08-06,4.058
510310.SH,2025-08-07,4.058
510310.SH,2025-08-08,4.048
510310.SH,2025-08-11,4.077
510310.SH,2025-08-12,4.093
510310.SH,2025-08-13,4.126
510310.SH,2025-08-14,4.123
510310.SH,2025-08-15,4.155
510310.SH,2025-08-18,4.186
510310.SH,2025-08-19,4.165
510310.SH,2025-08-20,4.222
510310.SH,2025-08-21,4.235
510310.SH,2025-08-22,4.334
510310.SH,2025-08-25,4.417
510310.SH,2025-08-26,4.395
510310.SH,2025-08-27,4.332
510310.SH,2025-08-28,4.408
510310.SH,2025-08-29,4.452
510310.SH,2025-09-01,4.469
510310.SH,2025-09-02,4.438
510310.SH,2025-09-03,4.398
510310.SH,2025-09-04,4.31
510310.SH,2025-09-05,4.408
510310.SH,2025-09-08,4.41
510310.SH,2025-09-09,4.382
510310.SH,2025-09-10,4.391
510310.SH,2025-09-11,4.508
510310.SH,2025-09-12,4.469
510310.SH,2025-09-15,4.477
510310.SH,2025-09-16,4.47
510310.SH,2025-09-17,4.5
510310.SH,2025-09-18,4.452
510310.SH,2025-09-19,4.435
510310.SH,2025-09-22,4.448
510310.SH,2025-09-23,4.448
510310.SH,2025-09-24,4.487
510310.SH,2025-09-25,4.517
510310.SH,2025-09-26,4.476
510310.SH,2025-09-29,4.551
510310.SH,2025-09-30,4.565
510310.SH,2025-10-09,4.634
510310.SH,2025-10-10,4.545
510310.SH,2025-10-13,4.518
510310.SH,2025-10-14,4.472
510310.SH,2025-10-15,4.533
510310.SH,2025-10-16,4.546
510310.SH,2025-10-17,4.459
510310.SH,2025-10-20,4.466
510310.SH,2025-10-21,4.538
510310.SH,2025-10-22,4.519
510310.SH,2025-10-23,4.537
510310.SH,2025-10-24,4.592
510310.SH,2025-10-27,4.646
510310.SH,2025-10-28,4.623
510310.SH,2025-10-29,4.683
510310.SH,2025-10-30,4.644
510310.SH,2025-10-31,4.581
510310.SH,2025-11-03,4.587
510310.SH,2025-11-04,4.554
510310.SH,2025-11-05,4.561
510310.SH,2025-11-06,4.627
510310.SH,2025-11-07,4.617
510310.SH,2025-11-10,4.629
510310.SH,2025-11-11,4.586
510310.SH,2025-11-12,4.589
510310.SH,2025-11-13,4.635
510310.SH,2025-11-14,4.563
510310.SH,2025-11-17,4.536
510310.SH,2025-11-18,4.509
510310.SH,2025-11-19,4.528
510310.SH,2025-11-20,4.504
510310.SH,2025-11-21,4.374
510310.SH,2025-11-24,4.369
510310.SH,2025-11-25,4.404
510310.SH,2025-11-26,4.435
510310.SH,2025-11-27,4.426
510310.SH,2025-11-28,4.441
510310.SH,2025-12-01,4.49
510310.SH,2025-12-02,4.47
510310.SH,2025-12-03,4.45
510310.SH,2025-12-04,4.462
510310.SH,2025-12-05,4.499
510310.SH,2025-12-08,4.534
510310.SH,2025-12-09,4.51
510310.SH,2025-12-10,4.503
510310.SH,2025-12-11,4.473
510310.SH,2025-12-12,4.496
510310.SH,2025-12-15,4.47
510310.SH,2025-12-16,4.424
510310.SH,2025-12-17,4.499
510310.SH,2025-12-18,4.47
510310.SH,2025-12-19,4.491
510310.SH,2025-12-22,4.533
510310.SH,2025-12-23,4.539
510310.SH,2025-12-24,4.559
510310.SH,2025-12-25,4.563
510310.SH,2025-12-26,4.582
510310.SH,2025-12-29,4.56
510310.SH,2025-12-30,4.571
510310.SH,2025-12-31,4.554
510310.SH,2026-01-05,4.64
510310.SH,2026-01-06,4.714
510310.SH,2026-01-07,4.695
510310.SH,2026-01-08,4.657
510310.SH,2026-01-09,4.68
510310.SH,2026-01-12,4.708
510310.SH,2026-01-13,4.685
510310.SH,2026-01-14,4.661
510310.SH,2026-01-15,4.671
510310.SH,2026-01-16,4.661
510310.SH,2026-01-19,4.656
510310.SH,2026-01-20,4.569
510310.SH,2026-01-21,4.572
510310.SH,2026-01-22,4.569
510310.SH,2026-01-23,4.548
510310.SH,2026-01-26,4.558
510310.SH,2026-01-27,4.554
510310.SH,2026-01-28,4.567
510310.SH,2026-01-29,4.611
510310.SH,2026-01-30,4.554
510310.SH,2026-02-02,4.455
510310.SH,2026-02-03,4.512
510310.SH,2026-02-04,4.553
510310.SH,2026-02-05,4.523
510310.SH,2026-02-06,4.496
510310.SH,2026-02-09,4.571
510310.SH,2026-02-10,4.579
510310.SH,2026-02-11,4.569
510310.SH,2026-02-12,4.572
510310.SH,2026-02-13,4.522
510310.SH,2026-02-24,4.562
510310.SH,2026-02-25,4.589
510310.SH,2026-02-26,4.581
510310.SH,2026-02-27,4.571
510310.SH,2026-03-02,4.584
510310.SH,2026-03-03,4.527
510310.SH,2026-03-04,4.46
510310.SH,2026-03-05,4.503
510310.SH,2026-03-06,4.518
510310.SH,2026-03-09,4.475
510310.SH,2026-03-10,4.53
510310.SH,2026-03-11,4.558
510310.SH,2026-03-12,4.543
510310.SH,2026-03-13,4.53
510310.SH,2026-03-16,4.526
510310.SH,2026-03-17,4.499
510310.SH,2026-03-18,4.512
510310.SH,2026-03-19,4.448
510310.SH,2026-03-20,4.432
510310.SH,2026-03-23,4.288
510310.SH,2026-03-24,4.332
510310.SH,2026-03-25,4.395
510310.SH,2026-03-26,4.343
510310.SH,2026-03-27,4.363
510310.SH,2026-03-30,4.357
510310.SH,2026-03-31,4.318
510310.SH,2026-04-01,4.386
510310.SH,2026-04-02,4.342
510310.SH,2026-04-03,4.309
510310.SH,2026-04-07,4.303
510310.SH,2026-04-08,4.455
510310.SH,2026-04-09,4.423
510310.SH,2026-04-10,4.49
510310.SH,2026-04-13,4.505
510310.SH,2026-04-14,4.56
510310.SH,2026-04-15,4.541
510310.SH,2026-04-16,4.591
510310.SH,2026-04-17,4.586
510310.SH,2026-04-20,4.612
510310.SH,2026-04-21,4.622
510310.SH,2026-04-22,4.658
510310.SH,2026-04-23,4.647
510310.SH,2026-04-24,4.627
510310.SH,2026-04-27,4.625
510310.SH,2026-04-28,4.616
510310.SH,2026-04-29,4.665
510310.SH,2026-04-30,4.67
510310.SH,2026-05-06,4.731
510310.SH,2026-05-07,4.755
510310.SH,2026-05-08,4.729
510320.SH,2025-05-12,1.027
510320.SH,2025-05-13,1.029
510320.SH,2025-05-14,1.041
510320.SH,2025-05-15,1.033
510320.SH,2025-05-16,1.028
510320.SH,2025-05-19,1.026
510320.SH,2025-05-20,1.032
510320.SH,2025-05-21,1.037
510320.SH,2025-05-22,1.034
510320.SH,2025-05-23,1.027
510320.SH,2025-05-26,1.022
510320.SH,2025-05-27,1.016
510320.SH,2025-05-28,1.016
510320.SH,2025-05-29,1.021
510320.SH,2025-05-30,1.019
510320.SH,2025-06-03,1.019
510320.SH,2025-06-04,1.022
510320.SH,2025-06-05,1.025
510320.SH,2025-06-06,1.026
510320.SH,2025-06-09,1.028
510320.SH,2025-06-10,1.023
510320.SH,2025-06-11,1.031
510320.SH,2025-06-12,1.032
510320.SH,2025-06-13,1.024
510320.SH,2025-06-16,1.029
510320.SH,2025-06-17,1.028
510320.SH,2025-06-18,1.028
510320.SH,2025-06-19,1.018
510320.SH,2025-06-20,1.021
510320.SH,2025-06-23,1.026
510320.SH,2025-06-24,1.036
510320.SH,2025-06-25,1.05
510320.SH,2025-06-26,1.049
510320.SH,2025-06-27,1.044
510320.SH,2025-06-30,1.048
510320.SH,2025-07-01,1.05
510320.SH,2025-07-02,1.051
510320.SH,2025-07-03,1.058
510320.SH,2025-07-04,1.062
510320.SH,2025-07-07,1.057
510320.SH,2025-07-08,1.065
510320.SH,2025-07-09,1.065
510320.SH,2025-07-10,1.07
510320.SH,2025-07-11,1.074
510320.SH,2025-07-14,1.073
510320.SH,2025-07-15,1.073
510320.SH,2025-07-16,1.071
510320.SH,2025-07-17,1.08
510320.SH,2025-07-18,1.088
510320.SH,2025-07-21,1.092
510320.SH,2025-07-22,1.107
510320.SH,2025-07-23,1.105
510320.SH,2025-07-24,1.111
510320.SH,2025-07-25,1.105
510320.SH,2025-07-28,1.108
510320.SH,2025-07-29,1.113
510320.SH,2025-07-30,1.114
510320.SH,2025-07-31,1.093
510320.SH,2025-08-01,1.087
510320.SH,2025-08-04,1.091
510320.SH,2025-08-05,1.101
510320.SH,2025-08-06,1.103
510320.SH,2025-08-07,1.102
510320.SH,2025-08-08,1.1
510320.SH,2025-08-11,1.105
510320.SH,2025-08-12,1.11
510320.SH,2025-08-13,1.12
510320.SH,2025-08-14,1.119
510320.SH,2025-08-15,1.129
510320.SH,2025-08-18,1.137
510320.SH,2025-08-19,1.132
510320.SH,2025-08-20,1.147
510320.SH,2025-08-21,1.151
510320.SH,2025-08-22,1.177
510320.SH,2025-08-25,1.199
510320.SH,2025-08-26,1.193
510320.SH,2025-08-27,1.177
510320.SH,2025-08-28,1.196
510320.SH,2025-08-29,1.21
510320.SH,2025-09-01,1.212
510320.SH,2025-09-02,1.205
510320.SH,2025-09-03,1.193
510320.SH,2025-09-04,1.17
510320.SH,2025-09-05,1.194
510320.SH,2025-09-08,1.197
510320.SH,2025-09-09,1.19
510320.SH,2025-09-10,1.191
510320.SH,2025-09-11,1.224
510320.SH,2025-09-12,1.213
510320.SH,2025-09-15,1.214
510320.SH,2025-09-16,1.211
510320.SH,2025-09-17,1.221
510320.SH,2025-09-18,1.21
510320.SH,2025-09-19,1.212
510320.SH,2025-09-22,1.212
510320.SH,2025-09-23,1.213
510320.SH,2025-09-24,1.225
510320.SH,2025-09-25,1.233
510320.SH,2025-09-26,1.221
510320.SH,2025-09-29,1.239
510320.SH,2025-09-30,1.245
510320.SH,2025-10-09,1.262
510320.SH,2025-10-10,1.238
510320.SH,2025-10-13,1.229
510320.SH,2025-10-14,1.22
510320.SH,2025-10-15,1.237
510320.SH,2025-10-16,1.239
510320.SH,2025-10-17,1.215
510320.SH,2025-10-20,1.217
510320.SH,2025-10-21,1.236
510320.SH,2025-10-22,1.232
510320.SH,2025-10-23,1.238
510320.SH,2025-10-24,1.251
510320.SH,2025-10-27,1.265
510320.SH,2025-10-28,1.258
510320.SH,2025-10-29,1.275
510320.SH,2025-10-30,1.266
510320.SH,2025-10-31,1.249
510320.SH,2025-11-03,1.249
510320.SH,2025-11-04,1.241
510320.SH,2025-11-05,1.241
510320.SH,2025-11-06,1.259
510320.SH,2025-11-07,1.257
510320.SH,2025-11-10,1.26
510320.SH,2025-11-11,1.25
510320.SH,2025-11-12,1.251
510320.SH,2025-11-13,1.261
510320.SH,2025-11-14,1.241
510320.SH,2025-11-17,1.235
510320.SH,2025-11-18,1.228
510320.SH,2025-11-19,1.232
510320.SH,2025-11-20,1.228
510320.SH,2025-11-21,1.197
510320.SH,2025-11-24,1.196
510320.SH,2025-11-25,1.206
510320.SH,2025-11-26,1.214
510320.SH,2025-11-27,1.211
510320.SH,2025-11-28,1.215
510320.SH,2025-12-01,1.228
510320.SH,2025-12-02,1.223
510320.SH,2025-12-03,1.218
510320.SH,2025-12-04,1.22
510320.SH,2025-12-05,1.232
510320.SH,2025-12-08,1.242
510320.SH,2025-12-09,1.233
510320.SH,2025-12-10,1.232
510320.SH,2025-12-11,1.227
510320.SH,2025-12-12,1.229
510320.SH,2025-12-15,1.223
510320.SH,2025-12-16,1.21
510320.SH,2025-12-17,1.231
510320.SH,2025-12-18,1.224
510320.SH,2025-12-19,1.228
510320.SH,2025-12-22,1.239
510320.SH,2025-12-23,1.242
510320.SH,2025-12-24,1.246
510320.SH,2025-12-25,1.25
510320.SH,2025-12-26,1.252
510320.SH,2025-12-29,1.248
510320.SH,2025-12-30,1.251
510320.SH,2025-12-31,1.247
510320.SH,2026-01-05,1.267
510320.SH,2026-01-06,1.286
510320.SH,2026-01-07,1.283
510320.SH,2026-01-08,1.277
510320.SH,2026-01-09,1.278
510320.SH,2026-01-12,1.286
510320.SH,2026-01-13,1.277
510320.SH,2026-01-14,1.28
510320.SH,2026-01-15,1.276
510320.SH,2026-01-16,1.28
510320.SH,2026-01-19,1.276
510320.SH,2026-01-20,1.269
510320.SH,2026-01-21,1.27
510320.SH,2026-01-22,1.27
510320.SH,2026-01-23,1.263
510320.SH,2026-01-26,1.274
510320.SH,2026-01-27,1.267
510320.SH,2026-01-28,1.272
510320.SH,2026-01-29,1.279
510320.SH,2026-01-30,1.263
510320.SH,2026-02-02,1.237
510320.SH,2026-02-03,1.253
510320.SH,2026-02-04,1.264
510320.SH,2026-02-05,1.257
510320.SH,2026-02-06,1.251
510320.SH,2026-02-09,1.271
510320.SH,2026-02-10,1.272
510320.SH,2026-02-11,1.272
510320.SH,2026-02-12,1.27
510320.SH,2026-02-13,1.257
510320.SH,2026-02-24,1.269
510320.SH,2026-02-25,1.274
510320.SH,2026-02-26,1.271
510320.SH,2026-02-27,1.27
510320.SH,2026-03-02,1.275
510320.SH,2026-03-03,1.255
510320.SH,2026-03-04,1.242
510320.SH,2026-03-05,1.251
510320.SH,2026-03-06,1.253
510320.SH,2026-03-09,1.243
510320.SH,2026-03-10,1.259
510320.SH,2026-03-11,1.267
510320.SH,2026-03-12,1.261
510320.SH,2026-03-13,1.258
510320.SH,2026-03-16,1.259
510320.SH,2026-03-17,1.254
510320.SH,2026-03-18,1.254
510320.SH,2026-03-19,1.242
510320.SH,2026-03-20,1.233
510320.SH,2026-03-23,1.197
510320.SH,2026-03-24,1.205
510320.SH,2026-03-25,1.222
510320.SH,2026-03-26,1.209
510320.SH,2026-03-27,1.211
510320.SH,2026-03-30,1.212
510320.SH,2026-03-31,1.201
510320.SH,2026-04-01,1.22
510320.SH,2026-04-02,1.205
510320.SH,2026-04-03,1.196
510320.SH,2026-04-07,1.196
510320.SH,2026-04-08,1.235
510320.SH,2026-04-09,1.229
510320.SH,2026-04-10,1.249
510320.SH,2026-04-13,1.251
510320.SH,2026-04-14,1.264
510320.SH,2026-04-15,1.265
510320.SH,2026-04-16,1.276
510320.SH,2026-04-17,1.273
510320.SH,2026-04-20,1.28
510320.SH,2026-04-21,1.283
510320.SH,2026-04-22,1.293
510320.SH,2026-04-23,1.288
510320.SH,2026-04-24,1.283
510320.SH,2026-04-27,1.283
510320.SH,2026-04-28,1.283
510320.SH,2026-04-29,1.294
510320.SH,2026-04-30,1.295
510320.SH,2026-05-06,1.316
510320.SH,2026-05-07,1.318
510320.SH,2026-05-08,1.31
510330.SH,2025-05-12,4.017
510330.SH,2025-05-13,4.021
510330.SH,2025-05-14,4.071
510330.SH,2025-05-15,4.036
510330.SH,2025-05-16,4.014
510330.SH,2025-05-19,4.009
510330.SH,2025-05-20,4.027
510330.SH,2025-05-21,4.045
510330.SH,2025-05-22,4.044
510330.SH,2025-05-23,4.012
510330.SH,2025-05-26,3.992
510330.SH,2025-05-27,3.97
510330.SH,2025-05-28,3.965
510330.SH,2025-05-29,3.99
510330.SH,2025-05-30,3.984
510330.SH,2025-06-03,3.98
510330.SH,2025-06-04,3.999
510330.SH,2025-06-05,4.01
510330.SH,2025-06-06,4.011
510330.SH,2025-06-09,4.022
510330.SH,2025-06-10,3.996
510330.SH,2025-06-11,4.029
510330.SH,2025-06-12,4.032
510330.SH,2025-06-13,4.004
510330.SH,2025-06-16,4.015
510330.SH,2025-06-17,4.014
510330.SH,2025-06-18,4.017
510330.SH,2025-06-19,3.985
510330.SH,2025-06-20,3.991
510330.SH,2025-06-23,4.006
510330.SH,2025-06-24,4.051
510330.SH,2025-06-25,4.119
510330.SH,2025-06-26,4.102
510330.SH,2025-06-27,4.08
510330.SH,2025-06-30,4.099
510330.SH,2025-07-01,4.104
510330.SH,2025-07-02,4.108
510330.SH,2025-07-03,4.133
510330.SH,2025-07-04,4.147
510330.SH,2025-07-07,4.131
510330.SH,2025-07-08,4.167
510330.SH,2025-07-09,4.163
510330.SH,2025-07-10,4.183
510330.SH,2025-07-11,4.2
510330.SH,2025-07-14,4.137
510330.SH,2025-07-15,4.139
510330.SH,2025-07-16,4.127
510330.SH,2025-07-17,4.163
510330.SH,2025-07-18,4.191
510330.SH,2025-07-21,4.218
510330.SH,2025-07-22,4.261
510330.SH,2025-07-23,4.258
510330.SH,2025-07-24,4.285
510330.SH,2025-07-25,4.263
510330.SH,2025-07-28,4.275
510330.SH,2025-07-29,4.295
510330.SH,2025-07-30,4.292
510330.SH,2025-07-31,4.216
510330.SH,2025-08-01,4.194
510330.SH,2025-08-04,4.209
510330.SH,2025-08-05,4.24
510330.SH,2025-08-06,4.253
510330.SH,2025-08-07,4.252
510330.SH,2025-08-08,4.244
510330.SH,2025-08-11,4.263
510330.SH,2025-08-12,4.288
510330.SH,2025-08-13,4.324
510330.SH,2025-08-14,4.316
510330.SH,2025-08-15,4.357
510330.SH,2025-08-18,4.389
510330.SH,2025-08-19,4.368
510330.SH,2025-08-20,4.423
510330.SH,2025-08-21,4.439
510330.SH,2025-08-22,4.542
510330.SH,2025-08-25,4.631
510330.SH,2025-08-26,4.609
510330.SH,2025-08-27,4.543
510330.SH,2025-08-28,4.621
510330.SH,2025-08-29,4.667
510330.SH,2025-09-01,4.683
510330.SH,2025-09-02,4.65
510330.SH,2025-09-03,4.618
510330.SH,2025-09-04,4.519
510330.SH,2025-09-05,4.619
510330.SH,2025-09-08,4.619
510330.SH,2025-09-09,4.591
510330.SH,2025-09-10,4.606
510330.SH,2025-09-11,4.725
510330.SH,2025-09-12,4.692
510330.SH,2025-09-15,4.699
510330.SH,2025-09-16,4.685
510330.SH,2025-09-17,4.718
510330.SH,2025-09-18,4.664
510330.SH,2025-09-19,4.669
510330.SH,2025-09-22,4.683
510330.SH,2025-09-23,4.684
510330.SH,2025-09-24,4.731
510330.SH,2025-09-25,4.762
510330.SH,2025-09-26,4.717
510330.SH,2025-09-29,4.792
510330.SH,2025-09-30,4.811
510330.SH,2025-10-09,4.884
510330.SH,2025-10-10,4.785
510330.SH,2025-10-13,4.76
510330.SH,2025-10-14,4.715
510330.SH,2025-10-15,4.776
510330.SH,2025-10-16,4.789
510330.SH,2025-10-17,4.693
510330.SH,2025-10-20,4.708
510330.SH,2025-10-21,4.777
510330.SH,2025-10-22,4.763
510330.SH,2025-10-23,4.782
510330.SH,2025-10-24,4.844
510330.SH,2025-10-27,4.897
510330.SH,2025-10-28,4.871
510330.SH,2025-10-29,4.931
510330.SH,2025-10-30,4.895
510330.SH,2025-10-31,4.827
510330.SH,2025-11-03,4.832
510330.SH,2025-11-04,4.795
510330.SH,2025-11-05,4.805
510330.SH,2025-11-06,4.874
510330.SH,2025-11-07,4.863
510330.SH,2025-11-10,4.874
510330.SH,2025-11-11,4.829
510330.SH,2025-11-12,4.836
510330.SH,2025-11-13,4.882
510330.SH,2025-11-14,4.806
510330.SH,2025-11-17,4.78
510330.SH,2025-11-18,4.751
510330.SH,2025-11-19,4.771
510330.SH,2025-11-20,4.747
510330.SH,2025-11-21,4.629
510330.SH,2025-11-24,4.622
510330.SH,2025-11-25,4.663
510330.SH,2025-11-26,4.692
510330.SH,2025-11-27,4.687
510330.SH,2025-11-28,4.7
510330.SH,2025-12-01,4.756
510330.SH,2025-12-02,4.732
510330.SH,2025-12-03,4.714
510330.SH,2025-12-04,4.723
510330.SH,2025-12-05,4.763
510330.SH,2025-12-08,4.8
510330.SH,2025-12-09,4.776
510330.SH,2025-12-10,4.769
510330.SH,2025-12-11,4.733
510330.SH,2025-12-12,4.758
510330.SH,2025-12-15,4.732
510330.SH,2025-12-16,4.684
510330.SH,2025-12-17,4.765
510330.SH,2025-12-18,4.734
510330.SH,2025-12-19,4.755
510330.SH,2025-12-22,4.8
510330.SH,2025-12-23,4.81
510330.SH,2025-12-24,4.828
510330.SH,2025-12-25,4.833
510330.SH,2025-12-26,4.85
510330.SH,2025-12-29,4.828
510330.SH,2025-12-30,4.841
510330.SH,2025-12-31,4.823
510330.SH,2026-01-05,4.914
510330.SH,2026-01-06,4.99
510330.SH,2026-01-07,4.97
510330.SH,2026-01-08,4.931
510330.SH,2026-01-09,4.955
510330.SH,2026-01-12,4.996
510330.SH,2026-01-13,4.963
510330.SH,2026-01-14,4.936
510330.SH,2026-01-15,4.942
510330.SH,2026-01-16,4.937
510330.SH,2026-01-19,4.93
510330.SH,2026-01-20,4.918
510330.SH,2026-01-21,4.919
510330.SH,2026-01-22,4.918
510330.SH,2026-01-23,4.894
510330.SH,2026-01-26,4.907
510330.SH,2026-01-27,4.901
510330.SH,2026-01-28,4.914
510330.SH,2026-01-29,4.962
510330.SH,2026-01-30,4.899
510330.SH,2026-02-02,4.799
510330.SH,2026-02-03,4.852
510330.SH,2026-02-04,4.897
510330.SH,2026-02-05,4.869
510330.SH,2026-02-06,4.839
510330.SH,2026-02-09,4.921
510330.SH,2026-02-10,4.926
510330.SH,2026-02-11,4.919
510330.SH,2026-02-12,4.919
510330.SH,2026-02-13,4.862
510330.SH,2026-02-24,4.911
510330.SH,2026-02-25,4.937
510330.SH,2026-02-26,4.927
510330.SH,2026-02-27,4.917
510330.SH,2026-03-02,4.931
510330.SH,2026-03-03,4.868
510330.SH,2026-03-04,4.796
510330.SH,2026-03-05,4.848
510330.SH,2026-03-06,4.861
510330.SH,2026-03-09,4.816
510330.SH,2026-03-10,4.875
510330.SH,2026-03-11,4.905
510330.SH,2026-03-12,4.884
510330.SH,2026-03-13,4.867
510330.SH,2026-03-16,4.867
510330.SH,2026-03-17,4.835
510330.SH,2026-03-18,4.86
510330.SH,2026-03-19,4.786
510330.SH,2026-03-20,4.761
510330.SH,2026-03-23,4.614
510330.SH,2026-03-24,4.661
510330.SH,2026-03-25,4.733
510330.SH,2026-03-26,4.671
510330.SH,2026-03-27,4.696
510330.SH,2026-03-30,4.686
510330.SH,2026-03-31,4.647
510330.SH,2026-04-01,4.717
510330.SH,2026-04-02,4.67
510330.SH,2026-04-03,4.636
510330.SH,2026-04-07,4.626
510330.SH,2026-04-08,4.789
510330.SH,2026-04-09,4.76
510330.SH,2026-04-10,4.834
510330.SH,2026-04-13,4.843
510330.SH,2026-04-14,4.906
510330.SH,2026-04-15,4.883
510330.SH,2026-04-16,4.94
510330.SH,2026-04-17,4.93
510330.SH,2026-04-20,4.962
510330.SH,2026-04-21,5.011
510330.SH,2026-04-22,5.012
510330.SH,2026-04-23,4.992
510330.SH,2026-04-24,4.975
510330.SH,2026-04-27,4.977
510330.SH,2026-04-28,4.965
510330.SH,2026-04-29,5.017
510330.SH,2026-04-30,5.019
510330.SH,2026-05-06,5.087
510330.SH,2026-05-07,5.112
510330.SH,2026-05-08,5.086
510350.SH,2025-05-12,3.945
510350.SH,2025-05-13,3.951
510350.SH,2025-05-14,4.0
510350.SH,2025-05-15,3.967
510350.SH,2025-05-16,3.943
510350.SH,2025-05-19,3.939
510350.SH,2025-05-20,3.96
510350.SH,2025-05-21,3.973
510350.SH,2025-05-22,3.97
510350.SH,2025-05-23,3.942
510350.SH,2025-05-26,3.921
510350.SH,2025-05-27,3.907
510350.SH,2025-05-28,3.9
510350.SH,2025-05-29,3.919
510350.SH,2025-05-30,3.914
510350.SH,2025-06-03,3.912
510350.SH,2025-06-04,3.93
510350.SH,2025-06-05,3.941
510350.SH,2025-06-06,3.94
510350.SH,2025-06-09,3.953
510350.SH,2025-06-10,3.927
510350.SH,2025-06-11,3.961
510350.SH,2025-06-12,3.961
510350.SH,2025-06-13,3.936
510350.SH,2025-06-16,3.948
510350.SH,2025-06-17,3.948
510350.SH,2025-06-18,3.95
510350.SH,2025-06-19,3.92
510350.SH,2025-06-20,3.925
510350.SH,2025-06-23,3.938
510350.SH,2025-06-24,3.984
510350.SH,2025-06-25,4.045
510350.SH,2025-06-26,4.037
510350.SH,2025-06-27,4.008
510350.SH,2025-06-30,4.031
510350.SH,2025-07-01,4.034
510350.SH,2025-07-02,4.037
510350.SH,2025-07-03,4.062
510350.SH,2025-07-04,4.08
510350.SH,2025-07-07,4.063
510350.SH,2025-07-08,4.095
510350.SH,2025-07-09,4.091
510350.SH,2025-07-10,4.112
510350.SH,2025-07-11,4.129
510350.SH,2025-07-14,4.127
510350.SH,2025-07-15,4.127
510350.SH,2025-07-16,4.116
510350.SH,2025-07-17,4.153
510350.SH,2025-07-18,4.184
510350.SH,2025-07-21,4.206
510350.SH,2025-07-22,4.25
510350.SH,2025-07-23,4.248
510350.SH,2025-07-24,4.276
510350.SH,2025-07-25,4.255
510350.SH,2025-07-28,4.266
510350.SH,2025-07-29,4.285
510350.SH,2025-07-30,4.283
510350.SH,2025-07-31,4.21
510350.SH,2025-08-01,4.189
510350.SH,2025-08-04,4.201
510350.SH,2025-08-05,4.231
510350.SH,2025-08-06,4.242
510350.SH,2025-08-07,4.243
510350.SH,2025-08-08,4.236
510350.SH,2025-08-11,4.248
510350.SH,2025-08-12,4.275
510350.SH,2025-08-13,4.308
510350.SH,2025-08-14,4.301
510350.SH,2025-08-15,4.345
510350.SH,2025-08-18,4.377
510350.SH,2025-08-19,4.357
510350.SH,2025-08-20,4.411
510350.SH,2025-08-21,4.425
510350.SH,2025-08-22,4.528
510350.SH,2025-08-25,4.617
510350.SH,2025-08-26,4.596
510350.SH,2025-08-27,4.535
510350.SH,2025-08-28,4.609
510350.SH,2025-08-29,4.655
510350.SH,2025-09-01,4.67
510350.SH,2025-09-02,4.64
510350.SH,2025-09-03,4.594
510350.SH,2025-09-04,4.512
510350.SH,2025-09-05,4.603
510350.SH,2025-09-08,4.62
510350.SH,2025-09-09,4.581
510350.SH,2025-09-10,4.595
510350.SH,2025-09-11,4.705
510350.SH,2025-09-12,4.676
510350.SH,2025-09-15,4.684
510350.SH,2025-09-16,4.668
510350.SH,2025-09-17,4.704
510350.SH,2025-09-18,4.665
510350.SH,2025-09-19,4.654
510350.SH,2025-09-22,4.675
510350.SH,2025-09-23,4.674
510350.SH,2025-09-24,4.715
510350.SH,2025-09-25,4.747
510350.SH,2025-09-26,4.707
510350.SH,2025-09-29,4.78
510350.SH,2025-09-30,4.799
510350.SH,2025-10-09,4.88
510350.SH,2025-10-10,4.776
510350.SH,2025-10-13,4.751
510350.SH,2025-10-14,4.699
510350.SH,2025-10-15,4.758
510350.SH,2025-10-16,4.779
510350.SH,2025-10-17,4.68
510350.SH,2025-10-20,4.701
510350.SH,2025-10-21,4.77
510350.SH,2025-10-22,4.755
510350.SH,2025-10-23,4.771
510350.SH,2025-10-24,4.822
510350.SH,2025-10-27,4.88
510350.SH,2025-10-28,4.861
510350.SH,2025-10-29,4.923
510350.SH,2025-10-30,4.886
510350.SH,2025-10-31,4.824
510350.SH,2025-11-03,4.825
510350.SH,2025-11-04,4.793
510350.SH,2025-11-05,4.795
510350.SH,2025-11-06,4.87
510350.SH,2025-11-07,4.853
510350.SH,2025-11-10,4.863
510350.SH,2025-11-11,4.827
510350.SH,2025-11-12,4.821
510350.SH,2025-11-13,4.874
510350.SH,2025-11-14,4.796
510350.SH,2025-11-17,4.775
510350.SH,2025-11-18,4.745
510350.SH,2025-11-19,4.756
510350.SH,2025-11-20,4.739
510350.SH,2025-11-21,4.617
510350.SH,2025-11-24,4.615
510350.SH,2025-11-25,4.654
510350.SH,2025-11-26,4.685
510350.SH,2025-11-27,4.686
510350.SH,2025-11-28,4.695
510350.SH,2025-12-01,4.744
510350.SH,2025-12-02,4.728
510350.SH,2025-12-03,4.704
510350.SH,2025-12-04,4.717
510350.SH,2025-12-05,4.761
510350.SH,2025-12-08,4.805
510350.SH,2025-12-09,4.776
510350.SH,2025-12-10,4.77
510350.SH,2025-12-11,4.731
510350.SH,2025-12-12,4.761
510350.SH,2025-12-15,4.733
510350.SH,2025-12-16,4.687
510350.SH,2025-12-17,4.78
510350.SH,2025-12-18,4.742
510350.SH,2025-12-19,4.767
510350.SH,2025-12-22,4.8
510350.SH,2025-12-23,4.809
510350.SH,2025-12-24,4.829
510350.SH,2025-12-25,4.836
510350.SH,2025-12-26,4.852
510350.SH,2025-12-29,4.842
510350.SH,2025-12-30,4.846
510350.SH,2025-12-31,4.832
510350.SH,2026-01-05,4.911
510350.SH,2026-01-06,4.998
510350.SH,2026-01-07,4.974
510350.SH,2026-01-08,4.936
510350.SH,2026-01-09,4.959
510350.SH,2026-01-12,4.985
510350.SH,2026-01-13,4.962
510350.SH,2026-01-14,4.942
510350.SH,2026-01-15,4.945
510350.SH,2026-01-16,4.93
510350.SH,2026-01-19,4.929
510350.SH,2026-01-20,4.916
510350.SH,2026-01-21,4.917
510350.SH,2026-01-22,4.922
510350.SH,2026-01-23,4.908
510350.SH,2026-01-26,4.935
510350.SH,2026-01-27,4.903
510350.SH,2026-01-28,4.928
510350.SH,2026-01-29,4.972
510350.SH,2026-01-30,4.905
510350.SH,2026-02-02,4.808
510350.SH,2026-02-03,4.853
510350.SH,2026-02-04,4.9
510350.SH,2026-02-05,4.872
510350.SH,2026-02-06,4.841
510350.SH,2026-02-09,4.921
510350.SH,2026-02-10,4.927
510350.SH,2026-02-11,4.917
510350.SH,2026-02-12,4.922
510350.SH,2026-02-13,4.866
510350.SH,2026-02-24,4.919
510350.SH,2026-02-25,4.943
510350.SH,2026-02-26,4.938
510350.SH,2026-02-27,4.923
510350.SH,2026-03-02,4.939
510350.SH,2026-03-03,4.864
510350.SH,2026-03-04,4.797
510350.SH,2026-03-05,4.847
510350.SH,2026-03-06,4.863
510350.SH,2026-03-09,4.81
510350.SH,2026-03-10,4.877
510350.SH,2026-03-11,4.901
510350.SH,2026-03-12,4.89
510350.SH,2026-03-13,4.882
510350.SH,2026-03-16,4.875
510350.SH,2026-03-17,4.834
510350.SH,2026-03-18,4.855
510350.SH,2026-03-19,4.787
510350.SH,2026-03-20,4.763
510350.SH,2026-03-23,4.62
510350.SH,2026-03-24,4.66
510350.SH,2026-03-25,4.738
510350.SH,2026-03-26,4.672
510350.SH,2026-03-27,4.698
510350.SH,2026-03-30,4.689
510350.SH,2026-03-31,4.653
510350.SH,2026-04-01,4.718
510350.SH,2026-04-02,4.67
510350.SH,2026-04-03,4.637
510350.SH,2026-04-07,4.631
510350.SH,2026-04-08,4.792
510350.SH,2026-04-09,4.764
510350.SH,2026-04-10,4.828
510350.SH,2026-04-13,4.842
510350.SH,2026-04-14,4.91
510350.SH,2026-04-15,4.89
510350.SH,2026-04-16,4.946
510350.SH,2026-04-17,4.935
510350.SH,2026-04-20,4.97
510350.SH,2026-04-21,4.979
510350.SH,2026-04-22,5.018
510350.SH,2026-04-23,5.004
510350.SH,2026-04-24,4.99
510350.SH,2026-04-27,4.993
510350.SH,2026-04-28,4.976
510350.SH,2026-04-29,5.027
510350.SH,2026-04-30,5.029
510350.SH,2026-05-06,5.102
510350.SH,2026-05-07,5.13
510350.SH,2026-05-08,5.102
510500.SH,2025-05-12,5.792
510500.SH,2025-05-13,5.778
510500.SH,2025-05-14,5.798
510500.SH,2025-05-15,5.721
510500.SH,2025-05-16,5.711
510500.SH,2025-05-19,5.725
510500.SH,2025-05-20,5.749
510500.SH,2025-05-21,5.756
510500.SH,2025-05-22,5.711
510500.SH,2025-05-23,5.662
510500.SH,2025-05-26,5.671
510500.SH,2025-05-27,5.657
510500.SH,2025-05-28,5.647
510500.SH,2025-05-29,5.727
510500.SH,2025-05-30,5.694
510500.SH,2025-06-03,5.703
510500.SH,2025-06-04,5.749
510500.SH,2025-06-05,5.784
510500.SH,2025-06-06,5.785
510500.SH,2025-06-09,5.825
510500.SH,2025-06-10,5.777
510500.SH,2025-06-11,5.814
510500.SH,2025-06-12,5.825
510500.SH,2025-06-13,5.776
510500.SH,2025-06-16,5.797
510500.SH,2025-06-17,5.785
510500.SH,2025-06-18,5.776
510500.SH,2025-06-19,5.718
510500.SH,2025-06-20,5.679
510500.SH,2025-06-23,5.712
510500.SH,2025-06-24,5.804
510500.SH,2025-06-25,5.913
510500.SH,2025-06-26,5.888
510500.SH,2025-06-27,5.91
510500.SH,2025-06-30,5.963
510500.SH,2025-07-01,5.982
510500.SH,2025-07-02,5.947
510500.SH,2025-07-03,5.971
510500.SH,2025-07-04,5.963
510500.SH,2025-07-07,5.951
510500.SH,2025-07-08,6.031
510500.SH,2025-07-09,6.005
510500.SH,2025-07-10,6.038
510500.SH,2025-07-11,6.09
510500.SH,2025-07-14,6.079
510500.SH,2025-07-15,6.077
510500.SH,2025-07-16,6.076
510500.SH,2025-07-17,6.146
510500.SH,2025-07-18,6.165
510500.SH,2025-07-21,6.226
510500.SH,2025-07-22,6.292
510500.SH,2025-07-23,6.27
510500.SH,2025-07-24,6.363
510500.SH,2025-07-25,6.365
510500.SH,2025-07-28,6.391
510500.SH,2025-07-29,6.431
510500.SH,2025-07-30,6.389
510500.SH,2025-07-31,6.297
510500.SH,2025-08-01,6.287
510500.SH,2025-08-04,6.335
510500.SH,2025-08-05,6.376
510500.SH,2025-08-06,6.428
510500.SH,2025-08-07,6.408
510500.SH,2025-08-08,6.397
510500.SH,2025-08-11,6.464
510500.SH,2025-08-12,6.497
510500.SH,2025-08-13,6.582
510500.SH,2025-08-14,6.514
510500.SH,2025-08-15,6.658
510500.SH,2025-08-18,6.748
510500.SH,2025-08-19,6.733
510500.SH,2025-08-20,6.824
510500.SH,2025-08-21,6.786
510500.SH,2025-08-22,6.915
510500.SH,2025-08-25,7.037
510500.SH,2025-08-26,7.048
510500.SH,2025-08-27,6.953
510500.SH,2025-08-28,7.104
510500.SH,2025-08-29,7.141
510500.SH,2025-09-01,7.206
510500.SH,2025-09-02,7.055
510500.SH,2025-09-03,6.94
510500.SH,2025-09-04,6.779
510500.SH,2025-09-05,7.011
510500.SH,2025-09-08,7.073
510500.SH,2025-09-09,7.006
510500.SH,2025-09-10,7.003
510500.SH,2025-09-11,7.224
510500.SH,2025-09-12,7.242
510500.SH,2025-09-15,7.226
510500.SH,2025-09-16,7.282
510500.SH,2025-09-17,7.357
510500.SH,2025-09-18,7.292
510500.SH,2025-09-19,7.261
510500.SH,2025-09-22,7.318
510500.SH,2025-09-23,7.277
510500.SH,2025-09-24,7.432
510500.SH,2025-09-25,7.441
510500.SH,2025-09-26,7.336
510500.SH,2025-09-29,7.462
510500.SH,2025-09-30,7.519
510500.SH,2025-10-09,7.649
510500.SH,2025-10-10,7.505
510500.SH,2025-10-13,7.469
510500.SH,2025-10-14,7.289
510500.SH,2025-10-15,7.393
510500.SH,2025-10-16,7.336
510500.SH,2025-10-17,7.114
510500.SH,2025-10-20,7.16
510500.SH,2025-10-21,7.28
510500.SH,2025-10-22,7.224
510500.SH,2025-10-23,7.249
510500.SH,2025-10-24,7.369
510500.SH,2025-10-27,7.478
510500.SH,2025-10-28,7.441
510500.SH,2025-10-29,7.594
510500.SH,2025-10-30,7.497
510500.SH,2025-10-31,7.436
510500.SH,2025-11-03,7.439
510500.SH,2025-11-04,7.313
510500.SH,2025-11-05,7.33
510500.SH,2025-11-06,7.451
510500.SH,2025-11-07,7.44
510500.SH,2025-11-10,7.448
510500.SH,2025-11-11,7.394
510500.SH,2025-11-12,7.356
510500.SH,2025-11-13,7.465
510500.SH,2025-11-14,7.338
510500.SH,2025-11-17,7.336
510500.SH,2025-11-18,7.262
510500.SH,2025-11-19,7.227
510500.SH,2025-11-20,7.17
510500.SH,2025-11-21,6.922
510500.SH,2025-11-24,6.97
510500.SH,2025-11-25,7.054
510500.SH,2025-11-26,7.065
510500.SH,2025-11-27,7.05
510500.SH,2025-11-28,7.135
510500.SH,2025-12-01,7.202
510500.SH,2025-12-02,7.141
510500.SH,2025-12-03,7.103
510500.SH,2025-12-04,7.125
510500.SH,2025-12-05,7.216
510500.SH,2025-12-08,7.278
510500.SH,2025-12-09,7.224
510500.SH,2025-12-10,7.263
510500.SH,2025-12-11,7.201
510500.SH,2025-12-12,7.285
510500.SH,2025-12-15,7.236
510500.SH,2025-12-16,7.126
510500.SH,2025-12-17,7.259
510500.SH,2025-12-18,7.221
510500.SH,2025-12-19,7.286
510500.SH,2025-12-22,7.368
510500.SH,2025-12-23,7.374
510500.SH,2025-12-24,7.47
510500.SH,2025-12-25,7.534
510500.SH,2025-12-26,7.58
510500.SH,2025-12-29,7.548
510500.SH,2025-12-30,7.581
510500.SH,2025-12-31,7.588
510500.SH,2026-01-05,7.792
510500.SH,2026-01-06,7.961
510500.SH,2026-01-07,7.999
510500.SH,2026-01-08,8.024
510500.SH,2026-01-09,8.216
510500.SH,2026-01-12,8.416
510500.SH,2026-01-13,8.306
510500.SH,2026-01-14,8.365
510500.SH,2026-01-15,8.339
510500.SH,2026-01-16,8.295
510500.SH,2026-01-19,8.348
510500.SH,2026-01-20,8.324
510500.SH,2026-01-21,8.432
510500.SH,2026-01-22,8.469
510500.SH,2026-01-23,8.719
510500.SH,2026-01-26,8.564
510500.SH,2026-01-27,8.619
510500.SH,2026-01-28,8.691
510500.SH,2026-01-29,8.591
510500.SH,2026-01-30,8.44
510500.SH,2026-02-02,8.049
510500.SH,2026-02-03,8.366
510500.SH,2026-02-04,8.388
510500.SH,2026-02-05,8.217
510500.SH,2026-02-06,8.213
510500.SH,2026-02-09,8.395
510500.SH,2026-02-10,8.377
510500.SH,2026-02-11,8.411
510500.SH,2026-02-12,8.514
510500.SH,2026-02-13,8.373
510500.SH,2026-02-24,8.469
510500.SH,2026-02-25,8.602
510500.SH,2026-02-26,8.63
510500.SH,2026-02-27,8.737
510500.SH,2026-03-02,8.733
510500.SH,2026-03-03,8.375
510500.SH,2026-03-04,8.317
510500.SH,2026-03-05,8.371
510500.SH,2026-03-06,8.421
510500.SH,2026-03-09,8.356
510500.SH,2026-03-10,8.481
510500.SH,2026-03-11,8.468
510500.SH,2026-03-12,8.426
510500.SH,2026-03-13,8.311
510500.SH,2026-03-16,8.259
510500.SH,2026-03-17,8.078
510500.SH,2026-03-18,8.156
510500.SH,2026-03-19,7.945
510500.SH,2026-03-20,7.812
510500.SH,2026-03-23,7.512
510500.SH,2026-03-24,7.652
510500.SH,2026-03-25,7.826
510500.SH,2026-03-26,7.7
510500.SH,2026-03-27,7.803
510500.SH,2026-03-30,7.818
510500.SH,2026-03-31,7.683
510500.SH,2026-04-01,7.809
510500.SH,2026-04-02,7.672
510500.SH,2026-04-03,7.603
510500.SH,2026-04-07,7.629
510500.SH,2026-04-08,8.026
510500.SH,2026-04-09,7.964
510500.SH,2026-04-10,8.035
510500.SH,2026-04-13,8.028
510500.SH,2026-04-14,8.159
510500.SH,2026-04-15,8.111
510500.SH,2026-04-16,8.253
510500.SH,2026-04-17,8.29
510500.SH,2026-04-20,8.355
510500.SH,2026-04-21,8.331
510500.SH,2026-04-22,8.455
510500.SH,2026-04-23,8.375
510500.SH,2026-04-24,8.323
510500.SH,2026-04-27,8.368
510500.SH,2026-04-28,8.273
510500.SH,2026-04-29,8.422
510500.SH,2026-04-30,8.43
510500.SH,2026-05-06,8.658
510500.SH,2026-05-07,8.771
510500.SH,2026-05-08,8.769
